{
  "summary": {
    "total_requests": 11701,
    "total_failures": 0,
    "failure_rate": 0.0,
    "requests_per_second": 64.99132387288857,
    "duration_seconds": 180.0394160747528
  },
  "response_time": {
    "avg": 4.022226674216011,
    "min": 0.7188330000005294,
    "max": 54.70312500000002,
    "median": 4,
    "p90": 6,
    "p95": 7,
    "p99": 10
  },
  "thresholds": {
    "p95_under_500ms": {
      "value": 7,
      "ok": true
    },
    "p99_under_1000ms": {
      "value": 10,
      "ok": true
    },
    "error_rate_under_5.0pct": {
      "value": 0.0,
      "ok": true
    }
  },
  "endpoints": [
    {
      "name": "/bar",
      "requests": 5790,
      "failures": 0,
      "avg_response_time": 3.9925835219343684,
      "p95_response_time": 7
    },
    {
      "name": "/foo",
      "requests": 5911,
      "failures": 0,
      "avg_response_time": 4.05126302199317,
      "p95_response_time": 8
    }
  ],
  "timestamp": "2026-01-22T13:06:03.274455"
}